Workbook

Sheet Erfassung
A1: lfd Nr. | B1: Baumart | C1: Länge [m] | D1: Durchmesser [cm] | E1: Rinde | F1: Kommentar
A2: 1
A3: =A2+1 -> 2
A4: =A3+1 -> 3
A5: =A4+1 -> 4
A6: =A5+1 -> 5
A7: =A6+1 -> 6
A8: =A7+1 -> 7
A9: =A8+1 -> 8
A10: =A9+1 -> 9
A11: =A10+1 -> 10
A12: =A11+1 -> 11
A13: =A12+1 -> 12
A14: =A13+1 -> 13
... A501: =A500+1 -> 500

Sheet Holzliste
A1: lfd Nr. | B1: Baumart | C1: Länge [m] | D1: Durchmesser [cm] | E1: Rinde | F1: Volumen [fm] | G1: Stärkeklasse | H1: Volumen [rm] | I1: Summe Volumen [fm] | J1: Kommentar
A2: =Erfassung!A2 -> 1 | B2: =IF(Erfassung!B2="", "",Erfassung!B2) | C2: =IF(Erfassung!C2="", "",Erfassung!C2) | D2: =IF(Erfassung!D2="", "",Erfassung!D2) | E2: =IF(Erfassung!E2="", "",Erfassung!E2) | F2: =IF(B2="","",IF(B2="Fichte",PI()/4*IF(E2="ohne Rinde",((D2/100)^2)*C2,IF(D2<27,(((D2-1)/100)^2)*C2,IF(AND(D2>26,D2<51),(((D2-2)/100)^2)*C2,(((D2-3)/100)^2)*C2))), IF(OR(B2="Buche",B2="Birke"),PI()/4*IF(E2="ohne Rinde",((D2/100)^2)*C2,IF(D2<41,(((D2-1)/100)^2)*C2,(((D2-2)/100)^2)*C2)), IF(OR(B2="Eiche",B2="Lärche"),PI()/4*IF(E2="ohne Rinde",((D2/100)^2)*C2,IF(D2<21,(((D2-1)/100)^2)*C2,IF(AND(D2>20,D2<32),(((D2-2)/100)^2)*C2,IF(AND(D2>31,D2<43),(((D2-3)/100)^2)*C2,IF(AND(D2>42,D2<54),(((D2-4)/100)^2)*C2,(((D2-5)/100)^2)*C2))))), IF(B2="Kiefer",PI()/4*IF(E2="ohne Rinde",((D2/100)^2)*C2,IF(D2<21,(((D2-1)/100)^2)*C2,IF(AND(D2>20,D2<37),(((D2-2)/100)^2)*C2,IF(AND(D2>36,D2<63),(((D2-3)/100)^2)*C2,(((D2-4)/100)^2)*C2)))) ) ) ) )) | G2: =IF(D2="","",IF(D2<10,"0",(IF(D2<15,"1a",(IF(D2<20,"1b",(IF(D2<25,"2a",(IF(D2<30,"2b",(IF(D2<35,"3a",(IF(D2<40,"3b",(IF(D2<50,"4",(IF(D2<60,"5",(IF(D2<70,"6",(IF(D2<80,"7","8")))))))))))))))))))))) | H2: =IF(F2="","",F2*1.4) | J2: =IF(Erfassung!F2="","",Erfassung!F2)
A3: =Erfassung!A3 -> 2 | B3: =IF(Erfassung!B3="", "",Erfassung!B3) | C3: =IF(Erfassung!C3="", "",Erfassung!C3) | D3: =IF(Erfassung!D3="", "",Erfassung!D3) | E3: =IF(Erfassung!E3="", "",Erfassung!E3) | F3: =IF(B3="","",IF(B3="Fichte",PI()/4*IF(E3="ohne Rinde",((D3/100)^2)*C3,IF(D3<27,(((D3-1)/100)^2)*C3,IF(AND(D3>26,D3<51),(((D3-2)/100)^2)*C3,(((D3-3)/100)^2)*C3))), IF(OR(B3="Buche",B3="Birke"),PI()/4*IF(E3="ohne Rinde",((D3/100)^2)*C3,IF(D3<41,(((D3-1)/100)^2)*C3,(((D3-2)/100)^2)*C3)), IF(OR(B3="Eiche",B3="Lärche"),PI()/4*IF(E3="ohne Rinde",((D3/100)^2)*C3,IF(D3<21,(((D3-1)/100)^2)*C3,IF(AND(D3>20,D3<32),(((D3-2)/100)^2)*C3,IF(AND(D3>31,D3<43),(((D3-3)/100)^2)*C3,IF(AND(D3>42,D3<54),(((D3-4)/100)^2)*C3,(((D3-5)/100)^2)*C3))))), IF(B3="Kiefer",PI()/4*IF(E3="ohne Rinde",((D3/100)^2)*C3,IF(D3<21,(((D3-1)/100)^2)*C3,IF(AND(D3>20,D3<37),(((D3-2)/100)^2)*C3,IF(AND(D3>36,D3<63),(((D3-3)/100)^2)*C3,(((D3-4)/100)^2)*C3)))) ) ) ) )) | G3: =IF(D3="","",IF(D3<10,"0",(IF(D3<15,"1a",(IF(D3<20,"1b",(IF(D3<25,"2a",(IF(D3<30,"2b",(IF(D3<35,"3a",(IF(D3<40,"3b",(IF(D3<50,"4",(IF(D3<60,"5",(IF(D3<70,"6",(IF(D3<80,"7","8")))))))))))))))))))))) | H3: =IF(F3="","",F3*1.4) | J3: =IF(Erfassung!F3="","",Erfassung!F3)
A4: =Erfassung!A4 -> 3 | B4: =IF(Erfassung!B4="", "",Erfassung!B4) | C4: =IF(Erfassung!C4="", "",Erfassung!C4) | D4: =IF(Erfassung!D4="", "",Erfassung!D4) | E4: =IF(Erfassung!E4="", "",Erfassung!E4) | F4: =IF(B4="","",IF(B4="Fichte",PI()/4*IF(E4="ohne Rinde",((D4/100)^2)*C4,IF(D4<27,(((D4-1)/100)^2)*C4,IF(AND(D4>26,D4<51),(((D4-2)/100)^2)*C4,(((D4-3)/100)^2)*C4))), IF(OR(B4="Buche",B4="Birke"),PI()/4*IF(E4="ohne Rinde",((D4/100)^2)*C4,IF(D4<41,(((D4-1)/100)^2)*C4,(((D4-2)/100)^2)*C4)), IF(OR(B4="Eiche",B4="Lärche"),PI()/4*IF(E4="ohne Rinde",((D4/100)^2)*C4,IF(D4<21,(((D4-1)/100)^2)*C4,IF(AND(D4>20,D4<32),(((D4-2)/100)^2)*C4,IF(AND(D4>31,D4<43),(((D4-3)/100)^2)*C4,IF(AND(D4>42,D4<54),(((D4-4)/100)^2)*C4,(((D4-5)/100)^2)*C4))))), IF(B4="Kiefer",PI()/4*IF(E4="ohne Rinde",((D4/100)^2)*C4,IF(D4<21,(((D4-1)/100)^2)*C4,IF(AND(D4>20,D4<37),(((D4-2)/100)^2)*C4,IF(AND(D4>36,D4<63),(((D4-3)/100)^2)*C4,(((D4-4)/100)^2)*C4)))) ) ) ) )) | G4: =IF(D4="","",IF(D4<10,"0",(IF(D4<15,"1a",(IF(D4<20,"1b",(IF(D4<25,"2a",(IF(D4<30,"2b",(IF(D4<35,"3a",(IF(D4<40,"3b",(IF(D4<50,"4",(IF(D4<60,"5",(IF(D4<70,"6",(IF(D4<80,"7","8")))))))))))))))))))))) | H4: =IF(F4="","",F4*1.4) | J4: =IF(Erfassung!F4="","",Erfassung!F4)
A5: =Erfassung!A5 -> 4 | B5: =IF(Erfassung!B5="", "",Erfassung!B5) | C5: =IF(Erfassung!C5="", "",Erfassung!C5) | D5: =IF(Erfassung!D5="", "",Erfassung!D5) | E5: =IF(Erfassung!E5="", "",Erfassung!E5) | F5: =IF(B5="","",IF(B5="Fichte",PI()/4*IF(E5="ohne Rinde",((D5/100)^2)*C5,IF(D5<27,(((D5-1)/100)^2)*C5,IF(AND(D5>26,D5<51),(((D5-2)/100)^2)*C5,(((D5-3)/100)^2)*C5))), IF(OR(B5="Buche",B5="Birke"),PI()/4*IF(E5="ohne Rinde",((D5/100)^2)*C5,IF(D5<41,(((D5-1)/100)^2)*C5,(((D5-2)/100)^2)*C5)), IF(OR(B5="Eiche",B5="Lärche"),PI()/4*IF(E5="ohne Rinde",((D5/100)^2)*C5,IF(D5<21,(((D5-1)/100)^2)*C5,IF(AND(D5>20,D5<32),(((D5-2)/100)^2)*C5,IF(AND(D5>31,D5<43),(((D5-3)/100)^2)*C5,IF(AND(D5>42,D5<54),(((D5-4)/100)^2)*C5,(((D5-5)/100)^2)*C5))))), IF(B5="Kiefer",PI()/4*IF(E5="ohne Rinde",((D5/100)^2)*C5,IF(D5<21,(((D5-1)/100)^2)*C5,IF(AND(D5>20,D5<37),(((D5-2)/100)^2)*C5,IF(AND(D5>36,D5<63),(((D5-3)/100)^2)*C5,(((D5-4)/100)^2)*C5)))) ) ) ) )) | G5: =IF(D5="","",IF(D5<10,"0",(IF(D5<15,"1a",(IF(D5<20,"1b",(IF(D5<25,"2a",(IF(D5<30,"2b",(IF(D5<35,"3a",(IF(D5<40,"3b",(IF(D5<50,"4",(IF(D5<60,"5",(IF(D5<70,"6",(IF(D5<80,"7","8")))))))))))))))))))))) | H5: =IF(F5="","",F5*1.4) | J5: =IF(Erfassung!F5="","",Erfassung!F5)
A6: =Erfassung!A6 -> 5 | B6: =IF(Erfassung!B6="", "",Erfassung!B6) | C6: =IF(Erfassung!C6="", "",Erfassung!C6) | D6: =IF(Erfassung!D6="", "",Erfassung!D6) | E6: =IF(Erfassung!E6="", "",Erfassung!E6) | F6: =IF(B6="","",IF(B6="Fichte",PI()/4*IF(E6="ohne Rinde",((D6/100)^2)*C6,IF(D6<27,(((D6-1)/100)^2)*C6,IF(AND(D6>26,D6<51),(((D6-2)/100)^2)*C6,(((D6-3)/100)^2)*C6))), IF(OR(B6="Buche",B6="Birke"),PI()/4*IF(E6="ohne Rinde",((D6/100)^2)*C6,IF(D6<41,(((D6-1)/100)^2)*C6,(((D6-2)/100)^2)*C6)), IF(OR(B6="Eiche",B6="Lärche"),PI()/4*IF(E6="ohne Rinde",((D6/100)^2)*C6,IF(D6<21,(((D6-1)/100)^2)*C6,IF(AND(D6>20,D6<32),(((D6-2)/100)^2)*C6,IF(AND(D6>31,D6<43),(((D6-3)/100)^2)*C6,IF(AND(D6>42,D6<54),(((D6-4)/100)^2)*C6,(((D6-5)/100)^2)*C6))))), IF(B6="Kiefer",PI()/4*IF(E6="ohne Rinde",((D6/100)^2)*C6,IF(D6<21,(((D6-1)/100)^2)*C6,IF(AND(D6>20,D6<37),(((D6-2)/100)^2)*C6,IF(AND(D6>36,D6<63),(((D6-3)/100)^2)*C6,(((D6-4)/100)^2)*C6)))) ) ) ) )) | G6: =IF(D6="","",IF(D6<10,"0",(IF(D6<15,"1a",(IF(D6<20,"1b",(IF(D6<25,"2a",(IF(D6<30,"2b",(IF(D6<35,"3a",(IF(D6<40,"3b",(IF(D6<50,"4",(IF(D6<60,"5",(IF(D6<70,"6",(IF(D6<80,"7","8")))))))))))))))))))))) | H6: =IF(F6="","",F6*1.4) | J6: =IF(Erfassung!F6="","",Erfassung!F6)
A7: =Erfassung!A7 -> 6 | B7: =IF(Erfassung!B7="", "",Erfassung!B7) | C7: =IF(Erfassung!C7="", "",Erfassung!C7) | D7: =IF(Erfassung!D7="", "",Erfassung!D7) | E7: =IF(Erfassung!E7="", "",Erfassung!E7) | F7: =IF(B7="","",IF(B7="Fichte",PI()/4*IF(E7="ohne Rinde",((D7/100)^2)*C7,IF(D7<27,(((D7-1)/100)^2)*C7,IF(AND(D7>26,D7<51),(((D7-2)/100)^2)*C7,(((D7-3)/100)^2)*C7))), IF(OR(B7="Buche",B7="Birke"),PI()/4*IF(E7="ohne Rinde",((D7/100)^2)*C7,IF(D7<41,(((D7-1)/100)^2)*C7,(((D7-2)/100)^2)*C7)), IF(OR(B7="Eiche",B7="Lärche"),PI()/4*IF(E7="ohne Rinde",((D7/100)^2)*C7,IF(D7<21,(((D7-1)/100)^2)*C7,IF(AND(D7>20,D7<32),(((D7-2)/100)^2)*C7,IF(AND(D7>31,D7<43),(((D7-3)/100)^2)*C7,IF(AND(D7>42,D7<54),(((D7-4)/100)^2)*C7,(((D7-5)/100)^2)*C7))))), IF(B7="Kiefer",PI()/4*IF(E7="ohne Rinde",((D7/100)^2)*C7,IF(D7<21,(((D7-1)/100)^2)*C7,IF(AND(D7>20,D7<37),(((D7-2)/100)^2)*C7,IF(AND(D7>36,D7<63),(((D7-3)/100)^2)*C7,(((D7-4)/100)^2)*C7)))) ) ) ) )) | G7: =IF(D7="","",IF(D7<10,"0",(IF(D7<15,"1a",(IF(D7<20,"1b",(IF(D7<25,"2a",(IF(D7<30,"2b",(IF(D7<35,"3a",(IF(D7<40,"3b",(IF(D7<50,"4",(IF(D7<60,"5",(IF(D7<70,"6",(IF(D7<80,"7","8")))))))))))))))))))))) | H7: =IF(F7="","",F7*1.4) | J7: =IF(Erfassung!F7="","",Erfassung!F7)
A8: =Erfassung!A8 -> 7 | B8: =IF(Erfassung!B8="", "",Erfassung!B8) | C8: =IF(Erfassung!C8="", "",Erfassung!C8) | D8: =IF(Erfassung!D8="", "",Erfassung!D8) | E8: =IF(Erfassung!E8="", "",Erfassung!E8) | F8: =IF(B8="","",IF(B8="Fichte",PI()/4*IF(E8="ohne Rinde",((D8/100)^2)*C8,IF(D8<27,(((D8-1)/100)^2)*C8,IF(AND(D8>26,D8<51),(((D8-2)/100)^2)*C8,(((D8-3)/100)^2)*C8))), IF(OR(B8="Buche",B8="Birke"),PI()/4*IF(E8="ohne Rinde",((D8/100)^2)*C8,IF(D8<41,(((D8-1)/100)^2)*C8,(((D8-2)/100)^2)*C8)), IF(OR(B8="Eiche",B8="Lärche"),PI()/4*IF(E8="ohne Rinde",((D8/100)^2)*C8,IF(D8<21,(((D8-1)/100)^2)*C8,IF(AND(D8>20,D8<32),(((D8-2)/100)^2)*C8,IF(AND(D8>31,D8<43),(((D8-3)/100)^2)*C8,IF(AND(D8>42,D8<54),(((D8-4)/100)^2)*C8,(((D8-5)/100)^2)*C8))))), IF(B8="Kiefer",PI()/4*IF(E8="ohne Rinde",((D8/100)^2)*C8,IF(D8<21,(((D8-1)/100)^2)*C8,IF(AND(D8>20,D8<37),(((D8-2)/100)^2)*C8,IF(AND(D8>36,D8<63),(((D8-3)/100)^2)*C8,(((D8-4)/100)^2)*C8)))) ) ) ) )) | G8: =IF(D8="","",IF(D8<10,"0",(IF(D8<15,"1a",(IF(D8<20,"1b",(IF(D8<25,"2a",(IF(D8<30,"2b",(IF(D8<35,"3a",(IF(D8<40,"3b",(IF(D8<50,"4",(IF(D8<60,"5",(IF(D8<70,"6",(IF(D8<80,"7","8")))))))))))))))))))))) | H8: =IF(F8="","",F8*1.4) | J8: =IF(Erfassung!F8="","",Erfassung!F8)
A9: =Erfassung!A9 -> 8 | B9: =IF(Erfassung!B9="", "",Erfassung!B9) | C9: =IF(Erfassung!C9="", "",Erfassung!C9) | D9: =IF(Erfassung!D9="", "",Erfassung!D9) | E9: =IF(Erfassung!E9="", "",Erfassung!E9) | F9: =IF(B9="","",IF(B9="Fichte",PI()/4*IF(E9="ohne Rinde",((D9/100)^2)*C9,IF(D9<27,(((D9-1)/100)^2)*C9,IF(AND(D9>26,D9<51),(((D9-2)/100)^2)*C9,(((D9-3)/100)^2)*C9))), IF(OR(B9="Buche",B9="Birke"),PI()/4*IF(E9="ohne Rinde",((D9/100)^2)*C9,IF(D9<41,(((D9-1)/100)^2)*C9,(((D9-2)/100)^2)*C9)), IF(OR(B9="Eiche",B9="Lärche"),PI()/4*IF(E9="ohne Rinde",((D9/100)^2)*C9,IF(D9<21,(((D9-1)/100)^2)*C9,IF(AND(D9>20,D9<32),(((D9-2)/100)^2)*C9,IF(AND(D9>31,D9<43),(((D9-3)/100)^2)*C9,IF(AND(D9>42,D9<54),(((D9-4)/100)^2)*C9,(((D9-5)/100)^2)*C9))))), IF(B9="Kiefer",PI()/4*IF(E9="ohne Rinde",((D9/100)^2)*C9,IF(D9<21,(((D9-1)/100)^2)*C9,IF(AND(D9>20,D9<37),(((D9-2)/100)^2)*C9,IF(AND(D9>36,D9<63),(((D9-3)/100)^2)*C9,(((D9-4)/100)^2)*C9)))) ) ) ) )) | G9: =IF(D9="","",IF(D9<10,"0",(IF(D9<15,"1a",(IF(D9<20,"1b",(IF(D9<25,"2a",(IF(D9<30,"2b",(IF(D9<35,"3a",(IF(D9<40,"3b",(IF(D9<50,"4",(IF(D9<60,"5",(IF(D9<70,"6",(IF(D9<80,"7","8")))))))))))))))))))))) | H9: =IF(F9="","",F9*1.4) | J9: =IF(Erfassung!F9="","",Erfassung!F9)
A10: =Erfassung!A10 -> 9 | B10: =IF(Erfassung!B10="", "",Erfassung!B10) | C10: =IF(Erfassung!C10="", "",Erfassung!C10) | D10: =IF(Erfassung!D10="", "",Erfassung!D10) | E10: =IF(Erfassung!E10="", "",Erfassung!E10) | F10: =IF(B10="","",IF(B10="Fichte",PI()/4*IF(E10="ohne Rinde",((D10/100)^2)*C10,IF(D10<27,(((D10-1)/100)^2)*C10,IF(AND(D10>26,D10<51),(((D10-2)/100)^2)*C10,(((D10-3)/100)^2)*C10))), IF(OR(B10="Buche",B10="Birke"),PI()/4*IF(E10="ohne Rinde",((D10/100)^2)*C10,IF(D10<41,(((D10-1)/100)^2)*C10,(((D10-2)/100)^2)*C10)), IF(OR(B10="Eiche",B10="Lärche"),PI()/4*IF(E10="ohne Rinde",((D10/100)^2)*C10,IF(D10<21,(((D10-1)/100)^2)*C10,IF(AND(D10>20,D10<32),(((D10-2)/100)^2)*C10,IF(AND(D10>31,D10<43),(((D10-3)/100)^2)*C10,IF(AND(D10>42,D10<54),(((D10-4)/100)^2)*C10,(((D10-5)/100)^2)*C10))))), IF(B10="Kiefer",PI()/4*IF(E10="ohne Rinde",((D10/100)^2)*C10,IF(D10<21,(((D10-1)/100)^2)*C10,IF(AND(D10>20,D10<37),(((D10-2)/100)^2)*C10,IF(AND(D10>36,D10<63),(((D10-3)/100)^2)*C10,(((D10-4)/100)^2)*C10)))) ) ) ) )) | G10: =IF(D10="","",IF(D10<10,"0",(IF(D10<15,"1a",(IF(D10<20,"1b",(IF(D10<25,"2a",(IF(D10<30,"2b",(IF(D10<35,"3a",(IF(D10<40,"3b",(IF(D10<50,"4",(IF(D10<60,"5",(IF(D10<70,"6",(IF(D10<80,"7","8")))))))))))))))))))))) | H10: =IF(F10="","",F10*1.4) | J10: =IF(Erfassung!F10="","",Erfassung!F10)
A11: =Erfassung!A11 -> 10 | B11: =IF(Erfassung!B11="", "",Erfassung!B11) | C11: =IF(Erfassung!C11="", "",Erfassung!C11) | D11: =IF(Erfassung!D11="", "",Erfassung!D11) | E11: =IF(Erfassung!E11="", "",Erfassung!E11) | F11: =IF(B11="","",IF(B11="Fichte",PI()/4*IF(E11="ohne Rinde",((D11/100)^2)*C11,IF(D11<27,(((D11-1)/100)^2)*C11,IF(AND(D11>26,D11<51),(((D11-2)/100)^2)*C11,(((D11-3)/100)^2)*C11))), IF(OR(B11="Buche",B11="Birke"),PI()/4*IF(E11="ohne Rinde",((D11/100)^2)*C11,IF(D11<41,(((D11-1)/100)^2)*C11,(((D11-2)/100)^2)*C11)), IF(OR(B11="Eiche",B11="Lärche"),PI()/4*IF(E11="ohne Rinde",((D11/100)^2)*C11,IF(D11<21,(((D11-1)/100)^2)*C11,IF(AND(D11>20,D11<32),(((D11-2)/100)^2)*C11,IF(AND(D11>31,D11<43),(((D11-3)/100)^2)*C11,IF(AND(D11>42,D11<54),(((D11-4)/100)^2)*C11,(((D11-5)/100)^2)*C11))))), IF(B11="Kiefer",PI()/4*IF(E11="ohne Rinde",((D11/100)^2)*C11,IF(D11<21,(((D11-1)/100)^2)*C11,IF(AND(D11>20,D11<37),(((D11-2)/100)^2)*C11,IF(AND(D11>36,D11<63),(((D11-3)/100)^2)*C11,(((D11-4)/100)^2)*C11)))) ) ) ) )) | G11: =IF(D11="","",IF(D11<10,"0",(IF(D11<15,"1a",(IF(D11<20,"1b",(IF(D11<25,"2a",(IF(D11<30,"2b",(IF(D11<35,"3a",(IF(D11<40,"3b",(IF(D11<50,"4",(IF(D11<60,"5",(IF(D11<70,"6",(IF(D11<80,"7","8")))))))))))))))))))))) | H11: =IF(F11="","",F11*1.4) | J11: =IF(Erfassung!F11="","",Erfassung!F11)
A12: =Erfassung!A12 -> 11 | B12: =IF(Erfassung!B12="", "",Erfassung!B12) | C12: =IF(Erfassung!C12="", "",Erfassung!C12) | D12: =IF(Erfassung!D12="", "",Erfassung!D12) | E12: =IF(Erfassung!E12="", "",Erfassung!E12) | F12: =IF(B12="","",IF(B12="Fichte",PI()/4*IF(E12="ohne Rinde",((D12/100)^2)*C12,IF(D12<27,(((D12-1)/100)^2)*C12,IF(AND(D12>26,D12<51),(((D12-2)/100)^2)*C12,(((D12-3)/100)^2)*C12))), IF(OR(B12="Buche",B12="Birke"),PI()/4*IF(E12="ohne Rinde",((D12/100)^2)*C12,IF(D12<41,(((D12-1)/100)^2)*C12,(((D12-2)/100)^2)*C12)), IF(OR(B12="Eiche",B12="Lärche"),PI()/4*IF(E12="ohne Rinde",((D12/100)^2)*C12,IF(D12<21,(((D12-1)/100)^2)*C12,IF(AND(D12>20,D12<32),(((D12-2)/100)^2)*C12,IF(AND(D12>31,D12<43),(((D12-3)/100)^2)*C12,IF(AND(D12>42,D12<54),(((D12-4)/100)^2)*C12,(((D12-5)/100)^2)*C12))))), IF(B12="Kiefer",PI()/4*IF(E12="ohne Rinde",((D12/100)^2)*C12,IF(D12<21,(((D12-1)/100)^2)*C12,IF(AND(D12>20,D12<37),(((D12-2)/100)^2)*C12,IF(AND(D12>36,D12<63),(((D12-3)/100)^2)*C12,(((D12-4)/100)^2)*C12)))) ) ) ) )) | G12: =IF(D12="","",IF(D12<10,"0",(IF(D12<15,"1a",(IF(D12<20,"1b",(IF(D12<25,"2a",(IF(D12<30,"2b",(IF(D12<35,"3a",(IF(D12<40,"3b",(IF(D12<50,"4",(IF(D12<60,"5",(IF(D12<70,"6",(IF(D12<80,"7","8")))))))))))))))))))))) | H12: =IF(F12="","",F12*1.4) | J12: =IF(Erfassung!F12="","",Erfassung!F12)
A13: =Erfassung!A13 -> 12 | B13: =IF(Erfassung!B13="", "",Erfassung!B13) | C13: =IF(Erfassung!C13="", "",Erfassung!C13) | D13: =IF(Erfassung!D13="", "",Erfassung!D13) | E13: =IF(Erfassung!E13="", "",Erfassung!E13) | F13: =IF(B13="","",IF(B13="Fichte",PI()/4*IF(E13="ohne Rinde",((D13/100)^2)*C13,IF(D13<27,(((D13-1)/100)^2)*C13,IF(AND(D13>26,D13<51),(((D13-2)/100)^2)*C13,(((D13-3)/100)^2)*C13))), IF(OR(B13="Buche",B13="Birke"),PI()/4*IF(E13="ohne Rinde",((D13/100)^2)*C13,IF(D13<41,(((D13-1)/100)^2)*C13,(((D13-2)/100)^2)*C13)), IF(OR(B13="Eiche",B13="Lärche"),PI()/4*IF(E13="ohne Rinde",((D13/100)^2)*C13,IF(D13<21,(((D13-1)/100)^2)*C13,IF(AND(D13>20,D13<32),(((D13-2)/100)^2)*C13,IF(AND(D13>31,D13<43),(((D13-3)/100)^2)*C13,IF(AND(D13>42,D13<54),(((D13-4)/100)^2)*C13,(((D13-5)/100)^2)*C13))))), IF(B13="Kiefer",PI()/4*IF(E13="ohne Rinde",((D13/100)^2)*C13,IF(D13<21,(((D13-1)/100)^2)*C13,IF(AND(D13>20,D13<37),(((D13-2)/100)^2)*C13,IF(AND(D13>36,D13<63),(((D13-3)/100)^2)*C13,(((D13-4)/100)^2)*C13)))) ) ) ) )) | G13: =IF(D13="","",IF(D13<10,"0",(IF(D13<15,"1a",(IF(D13<20,"1b",(IF(D13<25,"2a",(IF(D13<30,"2b",(IF(D13<35,"3a",(IF(D13<40,"3b",(IF(D13<50,"4",(IF(D13<60,"5",(IF(D13<70,"6",(IF(D13<80,"7","8")))))))))))))))))))))) | H13: =IF(F13="","",F13*1.4) | J13: =IF(Erfassung!F13="","",Erfassung!F13)
... A334: =Erfassung!A334 -> 333 | B334: =IF(Erfassung!B334="", "",Erfassung!B334) | C334: =IF(Erfassung!C334="", "",Erfassung!C334) | D334: =IF(Erfassung!D334="", "",Erfassung!D334) | E334: =IF(Erfassung!E334="", "",Erfassung!E334) | F334: =IF(B334="","",IF(B334="Fichte",PI()/4*IF(E334="ohne Rinde",((D334/100)^2)*C334,IF(D334<27,(((D334-1)/100)^2)*C334,IF(AND(D334>26,D334<51),(((D334-2)/100)^2)*C334,(((D334-3)/100)^2)*C334))), IF(OR(B334="Buche",B334="Birke"),PI()/4*IF(E334="ohne Rinde",((D334/100)^2)*C334,IF(D334<41,(((D334-1)/100)^2)*C334,(((D334-2)/100)^2)*C334)), IF(OR(B334="Eiche",B334="Lärche"),PI()/4*IF(E334="ohne Rinde",((D334/100)^2)*C334,IF(D334<21,(((D334-1)/100)^2)*C334,IF(AND(D334>20,D334<32),(((D334-2)/100)^2)*C334,IF(AND(D334>31,D334<43),(((D334-3)/100)^2)*C334,IF(AND(D334>42,D334<54),(((D334-4)/100)^2)*C334,(((D334-5)/100)^2)*C334))))), IF(B334="Kiefer",PI()/4*IF(E334="ohne Rinde",((D334/100)^2)*C334,IF(D334<21,(((D334-1)/100)^2)*C334,IF(AND(D334>20,D334<37),(((D334-2)/100)^2)*C334,IF(AND(D334>36,D334<63),(((D334-3)/100)^2)*C334,(((D334-4)/100)^2)*C334)))) ) ) ) )) | G334: =IF(D334="","",IF(D334<10,"0",(IF(D334<15,"1a",(IF(D334<20,"1b",(IF(D334<25,"2a",(IF(D334<30,"2b",(IF(D334<35,"3a",(IF(D334<40,"3b",(IF(D334<50,"4",(IF(D334<60,"5",(IF(D334<70,"6",(IF(D334<80,"7","8")))))))))))))))))))))) | H334: =IF(F334="","",F334*1.4) | J334: =IF(Erfassung!F334="","",Erfassung!F334)
A335: =Erfassung!A335 -> 334 | B335: =IF(Erfassung!B335="", "",Erfassung!B335) | C335: =IF(Erfassung!C335="", "",Erfassung!C335) | D335: =IF(Erfassung!D335="", "",Erfassung!D335) | E335: =IF(Erfassung!E335="", "",Erfassung!E335) | F335: =IF(B335="","",IF(B335="Fichte",PI()/4*IF(E335="ohne Rinde",((D335/100)^2)*C335,IF(D335<27,(((D335-1)/100)^2)*C335,IF(AND(D335>26,D335<51),(((D335-2)/100)^2)*C335,(((D335-3)/100)^2)*C335))), IF(OR(B335="Buche",B335="Birke"),PI()/4*IF(E335="ohne Rinde",((D335/100)^2)*C335,IF(D335<41,(((D335-1)/100)^2)*C335,(((D335-2)/100)^2)*C335)), IF(OR(B335="Eiche",B335="Lärche"),PI()/4*IF(E335="ohne Rinde",((D335/100)^2)*C335,IF(D335<21,(((D335-1)/100)^2)*C335,IF(AND(D335>20,D335<32),(((D335-2)/100)^2)*C335,IF(AND(D335>31,D335<43),(((D335-3)/100)^2)*C335,IF(AND(D335>42,D335<54),(((D335-4)/100)^2)*C335,(((D335-5)/100)^2)*C335))))), IF(B335="Kiefer",PI()/4*IF(E335="ohne Rinde",((D335/100)^2)*C335,IF(D335<21,(((D335-1)/100)^2)*C335,IF(AND(D335>20,D335<37),(((D335-2)/100)^2)*C335,IF(AND(D335>36,D335<63),(((D335-3)/100)^2)*C335,(((D335-4)/100)^2)*C335)))) ) ) ) )) | G335: =IF(D335="","",IF(D335<10,"0",(IF(D335<15,"1a",(IF(D335<20,"1b",(IF(D335<25,"2a",(IF(D335<30,"2b",(IF(D335<35,"3a",(IF(D335<40,"3b",(IF(D335<50,"4",(IF(D335<60,"5",(IF(D335<70,"6",(IF(D335<80,"7","8")))))))))))))))))))))) | H335: =IF(F335="","",F335*1.4)
A336: =Erfassung!A336 -> 335 | B336: =IF(Erfassung!B336="", "",Erfassung!B336) | C336: =IF(Erfassung!C336="", "",Erfassung!C336) | D336: =IF(Erfassung!D336="", "",Erfassung!D336) | E336: =IF(Erfassung!E336="", "",Erfassung!E336) | F336: =IF(B336="","",IF(B336="Fichte",PI()/4*IF(E336="ohne Rinde",((D336/100)^2)*C336,IF(D336<27,(((D336-1)/100)^2)*C336,IF(AND(D336>26,D336<51),(((D336-2)/100)^2)*C336,(((D336-3)/100)^2)*C336))), IF(OR(B336="Buche",B336="Birke"),PI()/4*IF(E336="ohne Rinde",((D336/100)^2)*C336,IF(D336<41,(((D336-1)/100)^2)*C336,(((D336-2)/100)^2)*C336)), IF(OR(B336="Eiche",B336="Lärche"),PI()/4*IF(E336="ohne Rinde",((D336/100)^2)*C336,IF(D336<21,(((D336-1)/100)^2)*C336,IF(AND(D336>20,D336<32),(((D336-2)/100)^2)*C336,IF(AND(D336>31,D336<43),(((D336-3)/100)^2)*C336,IF(AND(D336>42,D336<54),(((D336-4)/100)^2)*C336,(((D336-5)/100)^2)*C336))))), IF(B336="Kiefer",PI()/4*IF(E336="ohne Rinde",((D336/100)^2)*C336,IF(D336<21,(((D336-1)/100)^2)*C336,IF(AND(D336>20,D336<37),(((D336-2)/100)^2)*C336,IF(AND(D336>36,D336<63),(((D336-3)/100)^2)*C336,(((D336-4)/100)^2)*C336)))) ) ) ) )) | G336: =IF(D336="","",IF(D336<10,"0",(IF(D336<15,"1a",(IF(D336<20,"1b",(IF(D336<25,"2a",(IF(D336<30,"2b",(IF(D336<35,"3a",(IF(D336<40,"3b",(IF(D336<50,"4",(IF(D336<60,"5",(IF(D336<70,"6",(IF(D336<80,"7","8")))))))))))))))))))))) | H336: =IF(F336="","",F336*1.4)
A337: =Erfassung!A337 -> 336 | B337: =IF(Erfassung!B337="", "",Erfassung!B337) | C337: =IF(Erfassung!C337="", "",Erfassung!C337) | D337: =IF(Erfassung!D337="", "",Erfassung!D337) | E337: =IF(Erfassung!E337="", "",Erfassung!E337) | F337: =IF(B337="","",IF(B337="Fichte",PI()/4*IF(E337="ohne Rinde",((D337/100)^2)*C337,IF(D337<27,(((D337-1)/100)^2)*C337,IF(AND(D337>26,D337<51),(((D337-2)/100)^2)*C337,(((D337-3)/100)^2)*C337))), IF(OR(B337="Buche",B337="Birke"),PI()/4*IF(E337="ohne Rinde",((D337/100)^2)*C337,IF(D337<41,(((D337-1)/100)^2)*C337,(((D337-2)/100)^2)*C337)), IF(OR(B337="Eiche",B337="Lärche"),PI()/4*IF(E337="ohne Rinde",((D337/100)^2)*C337,IF(D337<21,(((D337-1)/100)^2)*C337,IF(AND(D337>20,D337<32),(((D337-2)/100)^2)*C337,IF(AND(D337>31,D337<43),(((D337-3)/100)^2)*C337,IF(AND(D337>42,D337<54),(((D337-4)/100)^2)*C337,(((D337-5)/100)^2)*C337))))), IF(B337="Kiefer",PI()/4*IF(E337="ohne Rinde",((D337/100)^2)*C337,IF(D337<21,(((D337-1)/100)^2)*C337,IF(AND(D337>20,D337<37),(((D337-2)/100)^2)*C337,IF(AND(D337>36,D337<63),(((D337-3)/100)^2)*C337,(((D337-4)/100)^2)*C337)))) ) ) ) )) | G337: =IF(D337="","",IF(D337<10,"0",(IF(D337<15,"1a",(IF(D337<20,"1b",(IF(D337<25,"2a",(IF(D337<30,"2b",(IF(D337<35,"3a",(IF(D337<40,"3b",(IF(D337<50,"4",(IF(D337<60,"5",(IF(D337<70,"6",(IF(D337<80,"7","8")))))))))))))))))))))) | H337: =IF(F337="","",F337*1.4)
A338: =Erfassung!A338 -> 337 | B338: =IF(Erfassung!B338="", "",Erfassung!B338) | C338: =IF(Erfassung!C338="", "",Erfassung!C338) | D338: =IF(Erfassung!D338="", "",Erfassung!D338) | E338: =IF(Erfassung!E338="", "",Erfassung!E338) | F338: =IF(B338="","",IF(B338="Fichte",PI()/4*IF(E338="ohne Rinde",((D338/100)^2)*C338,IF(D338<27,(((D338-1)/100)^2)*C338,IF(AND(D338>26,D338<51),(((D338-2)/100)^2)*C338,(((D338-3)/100)^2)*C338))), IF(OR(B338="Buche",B338="Birke"),PI()/4*IF(E338="ohne Rinde",((D338/100)^2)*C338,IF(D338<41,(((D338-1)/100)^2)*C338,(((D338-2)/100)^2)*C338)), IF(OR(B338="Eiche",B338="Lärche"),PI()/4*IF(E338="ohne Rinde",((D338/100)^2)*C338,IF(D338<21,(((D338-1)/100)^2)*C338,IF(AND(D338>20,D338<32),(((D338-2)/100)^2)*C338,IF(AND(D338>31,D338<43),(((D338-3)/100)^2)*C338,IF(AND(D338>42,D338<54),(((D338-4)/100)^2)*C338,(((D338-5)/100)^2)*C338))))), IF(B338="Kiefer",PI()/4*IF(E338="ohne Rinde",((D338/100)^2)*C338,IF(D338<21,(((D338-1)/100)^2)*C338,IF(AND(D338>20,D338<37),(((D338-2)/100)^2)*C338,IF(AND(D338>36,D338<63),(((D338-3)/100)^2)*C338,(((D338-4)/100)^2)*C338)))) ) ) ) )) | G338: =IF(D338="","",IF(D338<10,"0",(IF(D338<15,"1a",(IF(D338<20,"1b",(IF(D338<25,"2a",(IF(D338<30,"2b",(IF(D338<35,"3a",(IF(D338<40,"3b",(IF(D338<50,"4",(IF(D338<60,"5",(IF(D338<70,"6",(IF(D338<80,"7","8")))))))))))))))))))))) | H338: =IF(F338="","",F338*1.4)
A339: =Erfassung!A339 -> 338 | B339: =IF(Erfassung!B339="", "",Erfassung!B339) | C339: =IF(Erfassung!C339="", "",Erfassung!C339) | D339: =IF(Erfassung!D339="", "",Erfassung!D339) | E339: =IF(Erfassung!E339="", "",Erfassung!E339) | F339: =IF(B339="","",IF(B339="Fichte",PI()/4*IF(E339="ohne Rinde",((D339/100)^2)*C339,IF(D339<27,(((D339-1)/100)^2)*C339,IF(AND(D339>26,D339<51),(((D339-2)/100)^2)*C339,(((D339-3)/100)^2)*C339))), IF(OR(B339="Buche",B339="Birke"),PI()/4*IF(E339="ohne Rinde",((D339/100)^2)*C339,IF(D339<41,(((D339-1)/100)^2)*C339,(((D339-2)/100)^2)*C339)), IF(OR(B339="Eiche",B339="Lärche"),PI()/4*IF(E339="ohne Rinde",((D339/100)^2)*C339,IF(D339<21,(((D339-1)/100)^2)*C339,IF(AND(D339>20,D339<32),(((D339-2)/100)^2)*C339,IF(AND(D339>31,D339<43),(((D339-3)/100)^2)*C339,IF(AND(D339>42,D339<54),(((D339-4)/100)^2)*C339,(((D339-5)/100)^2)*C339))))), IF(B339="Kiefer",PI()/4*IF(E339="ohne Rinde",((D339/100)^2)*C339,IF(D339<21,(((D339-1)/100)^2)*C339,IF(AND(D339>20,D339<37),(((D339-2)/100)^2)*C339,IF(AND(D339>36,D339<63),(((D339-3)/100)^2)*C339,(((D339-4)/100)^2)*C339)))) ) ) ) )) | G339: =IF(D339="","",IF(D339<10,"0",(IF(D339<15,"1a",(IF(D339<20,"1b",(IF(D339<25,"2a",(IF(D339<30,"2b",(IF(D339<35,"3a",(IF(D339<40,"3b",(IF(D339<50,"4",(IF(D339<60,"5",(IF(D339<70,"6",(IF(D339<80,"7","8")))))))))))))))))))))) | H339: =IF(F339="","",F339*1.4)
A340: =Erfassung!A340 -> 339 | B340: =IF(Erfassung!B340="", "",Erfassung!B340) | C340: =IF(Erfassung!C340="", "",Erfassung!C340) | D340: =IF(Erfassung!D340="", "",Erfassung!D340) | E340: =IF(Erfassung!E340="", "",Erfassung!E340) | F340: =IF(B340="","",IF(B340="Fichte",PI()/4*IF(E340="ohne Rinde",((D340/100)^2)*C340,IF(D340<27,(((D340-1)/100)^2)*C340,IF(AND(D340>26,D340<51),(((D340-2)/100)^2)*C340,(((D340-3)/100)^2)*C340))), IF(OR(B340="Buche",B340="Birke"),PI()/4*IF(E340="ohne Rinde",((D340/100)^2)*C340,IF(D340<41,(((D340-1)/100)^2)*C340,(((D340-2)/100)^2)*C340)), IF(OR(B340="Eiche",B340="Lärche"),PI()/4*IF(E340="ohne Rinde",((D340/100)^2)*C340,IF(D340<21,(((D340-1)/100)^2)*C340,IF(AND(D340>20,D340<32),(((D340-2)/100)^2)*C340,IF(AND(D340>31,D340<43),(((D340-3)/100)^2)*C340,IF(AND(D340>42,D340<54),(((D340-4)/100)^2)*C340,(((D340-5)/100)^2)*C340))))), IF(B340="Kiefer",PI()/4*IF(E340="ohne Rinde",((D340/100)^2)*C340,IF(D340<21,(((D340-1)/100)^2)*C340,IF(AND(D340>20,D340<37),(((D340-2)/100)^2)*C340,IF(AND(D340>36,D340<63),(((D340-3)/100)^2)*C340,(((D340-4)/100)^2)*C340)))) ) ) ) )) | G340: =IF(D340="","",IF(D340<10,"0",(IF(D340<15,"1a",(IF(D340<20,"1b",(IF(D340<25,"2a",(IF(D340<30,"2b",(IF(D340<35,"3a",(IF(D340<40,"3b",(IF(D340<50,"4",(IF(D340<60,"5",(IF(D340<70,"6",(IF(D340<80,"7","8")))))))))))))))))))))) | H340: =IF(F340="","",F340*1.4)
A341: =Erfassung!A341 -> 340 | B341: =IF(Erfassung!B341="", "",Erfassung!B341) | C341: =IF(Erfassung!C341="", "",Erfassung!C341) | D341: =IF(Erfassung!D341="", "",Erfassung!D341) | E341: =IF(Erfassung!E341="", "",Erfassung!E341) | F341: =IF(B341="","",IF(B341="Fichte",PI()/4*IF(E341="ohne Rinde",((D341/100)^2)*C341,IF(D341<27,(((D341-1)/100)^2)*C341,IF(AND(D341>26,D341<51),(((D341-2)/100)^2)*C341,(((D341-3)/100)^2)*C341))), IF(OR(B341="Buche",B341="Birke"),PI()/4*IF(E341="ohne Rinde",((D341/100)^2)*C341,IF(D341<41,(((D341-1)/100)^2)*C341,(((D341-2)/100)^2)*C341)), IF(OR(B341="Eiche",B341="Lärche"),PI()/4*IF(E341="ohne Rinde",((D341/100)^2)*C341,IF(D341<21,(((D341-1)/100)^2)*C341,IF(AND(D341>20,D341<32),(((D341-2)/100)^2)*C341,IF(AND(D341>31,D341<43),(((D341-3)/100)^2)*C341,IF(AND(D341>42,D341<54),(((D341-4)/100)^2)*C341,(((D341-5)/100)^2)*C341))))), IF(B341="Kiefer",PI()/4*IF(E341="ohne Rinde",((D341/100)^2)*C341,IF(D341<21,(((D341-1)/100)^2)*C341,IF(AND(D341>20,D341<37),(((D341-2)/100)^2)*C341,IF(AND(D341>36,D341<63),(((D341-3)/100)^2)*C341,(((D341-4)/100)^2)*C341)))) ) ) ) )) | G341: =IF(D341="","",IF(D341<10,"0",(IF(D341<15,"1a",(IF(D341<20,"1b",(IF(D341<25,"2a",(IF(D341<30,"2b",(IF(D341<35,"3a",(IF(D341<40,"3b",(IF(D341<50,"4",(IF(D341<60,"5",(IF(D341<70,"6",(IF(D341<80,"7","8")))))))))))))))))))))) | H341: =IF(F341="","",F341*1.4)
A342: =Erfassung!A342 -> 341 | B342: =IF(Erfassung!B342="", "",Erfassung!B342) | C342: =IF(Erfassung!C342="", "",Erfassung!C342) | D342: =IF(Erfassung!D342="", "",Erfassung!D342) | E342: =IF(Erfassung!E342="", "",Erfassung!E342) | F342: =IF(B342="","",IF(B342="Fichte",PI()/4*IF(E342="ohne Rinde",((D342/100)^2)*C342,IF(D342<27,(((D342-1)/100)^2)*C342,IF(AND(D342>26,D342<51),(((D342-2)/100)^2)*C342,(((D342-3)/100)^2)*C342))), IF(OR(B342="Buche",B342="Birke"),PI()/4*IF(E342="ohne Rinde",((D342/100)^2)*C342,IF(D342<41,(((D342-1)/100)^2)*C342,(((D342-2)/100)^2)*C342)), IF(OR(B342="Eiche",B342="Lärche"),PI()/4*IF(E342="ohne Rinde",((D342/100)^2)*C342,IF(D342<21,(((D342-1)/100)^2)*C342,IF(AND(D342>20,D342<32),(((D342-2)/100)^2)*C342,IF(AND(D342>31,D342<43),(((D342-3)/100)^2)*C342,IF(AND(D342>42,D342<54),(((D342-4)/100)^2)*C342,(((D342-5)/100)^2)*C342))))), IF(B342="Kiefer",PI()/4*IF(E342="ohne Rinde",((D342/100)^2)*C342,IF(D342<21,(((D342-1)/100)^2)*C342,IF(AND(D342>20,D342<37),(((D342-2)/100)^2)*C342,IF(AND(D342>36,D342<63),(((D342-3)/100)^2)*C342,(((D342-4)/100)^2)*C342)))) ) ) ) )) | G342: =IF(D342="","",IF(D342<10,"0",(IF(D342<15,"1a",(IF(D342<20,"1b",(IF(D342<25,"2a",(IF(D342<30,"2b",(IF(D342<35,"3a",(IF(D342<40,"3b",(IF(D342<50,"4",(IF(D342<60,"5",(IF(D342<70,"6",(IF(D342<80,"7","8")))))))))))))))))))))) | H342: =IF(F342="","",F342*1.4)
A343: =Erfassung!A343 -> 342 | B343: =IF(Erfassung!B343="", "",Erfassung!B343) | C343: =IF(Erfassung!C343="", "",Erfassung!C343) | D343: =IF(Erfassung!D343="", "",Erfassung!D343) | E343: =IF(Erfassung!E343="", "",Erfassung!E343) | F343: =IF(B343="","",IF(B343="Fichte",PI()/4*IF(E343="ohne Rinde",((D343/100)^2)*C343,IF(D343<27,(((D343-1)/100)^2)*C343,IF(AND(D343>26,D343<51),(((D343-2)/100)^2)*C343,(((D343-3)/100)^2)*C343))), IF(OR(B343="Buche",B343="Birke"),PI()/4*IF(E343="ohne Rinde",((D343/100)^2)*C343,IF(D343<41,(((D343-1)/100)^2)*C343,(((D343-2)/100)^2)*C343)), IF(OR(B343="Eiche",B343="Lärche"),PI()/4*IF(E343="ohne Rinde",((D343/100)^2)*C343,IF(D343<21,(((D343-1)/100)^2)*C343,IF(AND(D343>20,D343<32),(((D343-2)/100)^2)*C343,IF(AND(D343>31,D343<43),(((D343-3)/100)^2)*C343,IF(AND(D343>42,D343<54),(((D343-4)/100)^2)*C343,(((D343-5)/100)^2)*C343))))), IF(B343="Kiefer",PI()/4*IF(E343="ohne Rinde",((D343/100)^2)*C343,IF(D343<21,(((D343-1)/100)^2)*C343,IF(AND(D343>20,D343<37),(((D343-2)/100)^2)*C343,IF(AND(D343>36,D343<63),(((D343-3)/100)^2)*C343,(((D343-4)/100)^2)*C343)))) ) ) ) )) | G343: =IF(D343="","",IF(D343<10,"0",(IF(D343<15,"1a",(IF(D343<20,"1b",(IF(D343<25,"2a",(IF(D343<30,"2b",(IF(D343<35,"3a",(IF(D343<40,"3b",(IF(D343<50,"4",(IF(D343<60,"5",(IF(D343<70,"6",(IF(D343<80,"7","8")))))))))))))))))))))) | H343: =IF(F343="","",F343*1.4)
A344: =Erfassung!A344 -> 343 | B344: =IF(Erfassung!B344="", "",Erfassung!B344) | C344: =IF(Erfassung!C344="", "",Erfassung!C344) | D344: =IF(Erfassung!D344="", "",Erfassung!D344) | E344: =IF(Erfassung!E344="", "",Erfassung!E344) | F344: =IF(B344="","",IF(B344="Fichte",PI()/4*IF(E344="ohne Rinde",((D344/100)^2)*C344,IF(D344<27,(((D344-1)/100)^2)*C344,IF(AND(D344>26,D344<51),(((D344-2)/100)^2)*C344,(((D344-3)/100)^2)*C344))), IF(OR(B344="Buche",B344="Birke"),PI()/4*IF(E344="ohne Rinde",((D344/100)^2)*C344,IF(D344<41,(((D344-1)/100)^2)*C344,(((D344-2)/100)^2)*C344)), IF(OR(B344="Eiche",B344="Lärche"),PI()/4*IF(E344="ohne Rinde",((D344/100)^2)*C344,IF(D344<21,(((D344-1)/100)^2)*C344,IF(AND(D344>20,D344<32),(((D344-2)/100)^2)*C344,IF(AND(D344>31,D344<43),(((D344-3)/100)^2)*C344,IF(AND(D344>42,D344<54),(((D344-4)/100)^2)*C344,(((D344-5)/100)^2)*C344))))), IF(B344="Kiefer",PI()/4*IF(E344="ohne Rinde",((D344/100)^2)*C344,IF(D344<21,(((D344-1)/100)^2)*C344,IF(AND(D344>20,D344<37),(((D344-2)/100)^2)*C344,IF(AND(D344>36,D344<63),(((D344-3)/100)^2)*C344,(((D344-4)/100)^2)*C344)))) ) ) ) )) | G344: =IF(D344="","",IF(D344<10,"0",(IF(D344<15,"1a",(IF(D344<20,"1b",(IF(D344<25,"2a",(IF(D344<30,"2b",(IF(D344<35,"3a",(IF(D344<40,"3b",(IF(D344<50,"4",(IF(D344<60,"5",(IF(D344<70,"6",(IF(D344<80,"7","8")))))))))))))))))))))) | H344: =IF(F344="","",F344*1.4)
A345: =Erfassung!A345 -> 344 | B345: =IF(Erfassung!B345="", "",Erfassung!B345) | C345: =IF(Erfassung!C345="", "",Erfassung!C345) | D345: =IF(Erfassung!D345="", "",Erfassung!D345) | E345: =IF(Erfassung!E345="", "",Erfassung!E345) | F345: =IF(B345="","",IF(B345="Fichte",PI()/4*IF(E345="ohne Rinde",((D345/100)^2)*C345,IF(D345<27,(((D345-1)/100)^2)*C345,IF(AND(D345>26,D345<51),(((D345-2)/100)^2)*C345,(((D345-3)/100)^2)*C345))), IF(OR(B345="Buche",B345="Birke"),PI()/4*IF(E345="ohne Rinde",((D345/100)^2)*C345,IF(D345<41,(((D345-1)/100)^2)*C345,(((D345-2)/100)^2)*C345)), IF(OR(B345="Eiche",B345="Lärche"),PI()/4*IF(E345="ohne Rinde",((D345/100)^2)*C345,IF(D345<21,(((D345-1)/100)^2)*C345,IF(AND(D345>20,D345<32),(((D345-2)/100)^2)*C345,IF(AND(D345>31,D345<43),(((D345-3)/100)^2)*C345,IF(AND(D345>42,D345<54),(((D345-4)/100)^2)*C345,(((D345-5)/100)^2)*C345))))), IF(B345="Kiefer",PI()/4*IF(E345="ohne Rinde",((D345/100)^2)*C345,IF(D345<21,(((D345-1)/100)^2)*C345,IF(AND(D345>20,D345<37),(((D345-2)/100)^2)*C345,IF(AND(D345>36,D345<63),(((D345-3)/100)^2)*C345,(((D345-4)/100)^2)*C345)))) ) ) ) )) | G345: =IF(D345="","",IF(D345<10,"0",(IF(D345<15,"1a",(IF(D345<20,"1b",(IF(D345<25,"2a",(IF(D345<30,"2b",(IF(D345<35,"3a",(IF(D345<40,"3b",(IF(D345<50,"4",(IF(D345<60,"5",(IF(D345<70,"6",(IF(D345<80,"7","8")))))))))))))))))))))) | H345: =IF(F345="","",F345*1.4)
A346: =Erfassung!A346 -> 345 | B346: =IF(Erfassung!B346="", "",Erfassung!B346) | C346: =IF(Erfassung!C346="", "",Erfassung!C346) | D346: =IF(Erfassung!D346="", "",Erfassung!D346) | E346: =IF(Erfassung!E346="", "",Erfassung!E346) | F346: =IF(B346="","",IF(B346="Fichte",PI()/4*IF(E346="ohne Rinde",((D346/100)^2)*C346,IF(D346<27,(((D346-1)/100)^2)*C346,IF(AND(D346>26,D346<51),(((D346-2)/100)^2)*C346,(((D346-3)/100)^2)*C346))), IF(OR(B346="Buche",B346="Birke"),PI()/4*IF(E346="ohne Rinde",((D346/100)^2)*C346,IF(D346<41,(((D346-1)/100)^2)*C346,(((D346-2)/100)^2)*C346)), IF(OR(B346="Eiche",B346="Lärche"),PI()/4*IF(E346="ohne Rinde",((D346/100)^2)*C346,IF(D346<21,(((D346-1)/100)^2)*C346,IF(AND(D346>20,D346<32),(((D346-2)/100)^2)*C346,IF(AND(D346>31,D346<43),(((D346-3)/100)^2)*C346,IF(AND(D346>42,D346<54),(((D346-4)/100)^2)*C346,(((D346-5)/100)^2)*C346))))), IF(B346="Kiefer",PI()/4*IF(E346="ohne Rinde",((D346/100)^2)*C346,IF(D346<21,(((D346-1)/100)^2)*C346,IF(AND(D346>20,D346<37),(((D346-2)/100)^2)*C346,IF(AND(D346>36,D346<63),(((D346-3)/100)^2)*C346,(((D346-4)/100)^2)*C346)))) ) ) ) )) | G346: =IF(D346="","",IF(D346<10,"0",(IF(D346<15,"1a",(IF(D346<20,"1b",(IF(D346<25,"2a",(IF(D346<30,"2b",(IF(D346<35,"3a",(IF(D346<40,"3b",(IF(D346<50,"4",(IF(D346<60,"5",(IF(D346<70,"6",(IF(D346<80,"7","8")))))))))))))))))))))) | H346: =IF(F346="","",F346*1.4)
... A401: =Erfassung!A401 -> 400 | B401: =IF(Erfassung!B401="", "",Erfassung!B401) | C401: =IF(Erfassung!C401="", "",Erfassung!C401) | D401: =IF(Erfassung!D401="", "",Erfassung!D401) | E401: =IF(Erfassung!E401="", "",Erfassung!E401) | F401: =IF(B401="","",IF(B401="Fichte",PI()/4*IF(E401="ohne Rinde",((D401/100)^2)*C401,IF(D401<27,(((D401-1)/100)^2)*C401,IF(AND(D401>26,D401<51),(((D401-2)/100)^2)*C401,(((D401-3)/100)^2)*C401))), IF(OR(B401="Buche",B401="Birke"),PI()/4*IF(E401="ohne Rinde",((D401/100)^2)*C401,IF(D401<41,(((D401-1)/100)^2)*C401,(((D401-2)/100)^2)*C401)), IF(OR(B401="Eiche",B401="Lärche"),PI()/4*IF(E401="ohne Rinde",((D401/100)^2)*C401,IF(D401<21,(((D401-1)/100)^2)*C401,IF(AND(D401>20,D401<32),(((D401-2)/100)^2)*C401,IF(AND(D401>31,D401<43),(((D401-3)/100)^2)*C401,IF(AND(D401>42,D401<54),(((D401-4)/100)^2)*C401,(((D401-5)/100)^2)*C401))))), IF(B401="Kiefer",PI()/4*IF(E401="ohne Rinde",((D401/100)^2)*C401,IF(D401<21,(((D401-1)/100)^2)*C401,IF(AND(D401>20,D401<37),(((D401-2)/100)^2)*C401,IF(AND(D401>36,D401<63),(((D401-3)/100)^2)*C401,(((D401-4)/100)^2)*C401)))) ) ) ) )) | G401: =IF(D401="","",IF(D401<10,"0",(IF(D401<15,"1a",(IF(D401<20,"1b",(IF(D401<25,"2a",(IF(D401<30,"2b",(IF(D401<35,"3a",(IF(D401<40,"3b",(IF(D401<50,"4",(IF(D401<60,"5",(IF(D401<70,"6",(IF(D401<80,"7","8")))))))))))))))))))))) | H401: =IF(F401="","",F401*1.4)

Sheet Baumarten
A1: Baumarten | C1: Rinde
A2: Fichte | C2: ohne Rinde
A3: Kiefer | C3: mit Rinde
A4: Lärche
A5: Eiche
A6: Buche
A7: Birke
